orderId,buyerUsername,buyerPassword,sellerUsername,sellerPassword
1,buyer1,password123,seller1,password123
2,buyer2,password123,seller2,password123
3,buyer3,password123,seller3,password123
4,buyer4,password123,seller4,password123
5,buyer5,password123,seller5,password123
6,buyer6,password123,seller6,password123
7,buyer7,password123,seller7,password123
8,buyer8,password123,seller8,password123
9,buyer9,password123,seller9,password123
10,buyer10,password123,seller10,password123
11,buyer11,password123,seller11,password123
12,buyer12,password123,seller12,password123
13,buyer13,password123,seller13,password123
14,buyer14,password123,seller14,password123
15,buyer15,password123,seller15,password123
16,buyer16,password123,seller16,password123
17,buyer17,password123,seller17,password123
18,buyer18,password123,seller18,password123
19,buyer19,password123,seller19,password123
20,buyer20,password123,seller20,password123
21,buyer21,password123,seller21,password123
22,buyer22,password123,seller22,password123
23,buyer23,password123,seller23,password123
24,buyer24,password123,seller24,password123
25,buyer25,password123,seller25,password123
26,buyer26,password123,seller26,password123
27,buyer27,password123,seller27,password123
28,buyer28,password123,seller28,password123
29,buyer29,password123,seller29,password123
30,buyer30,password123,seller30,password123
31,buyer31,password123,seller31,password123
32,buyer32,password123,seller32,password123
33,buyer33,password123,seller33,password123
34,buyer34,password123,seller34,password123
35,buyer35,password123,seller35,password123
36,buyer36,password123,seller36,password123
37,buyer37,password123,seller37,password123
38,buyer38,password123,seller38,password123
39,buyer39,password123,seller39,password123
40,buyer40,password123,seller40,password123
41,buyer41,password123,seller41,password123
42,buyer42,password123,seller42,password123
43,buyer43,password123,seller43,password123
44,buyer44,password123,seller44,password123
45,buyer45,password123,seller45,password123
46,buyer46,password123,seller46,password123
47,buyer47,password123,seller47,password123
48,buyer48,password123,seller48,password123
49,buyer49,password123,seller49,password123
50,buyer50,password123,seller50,password123
