username,password
testuser01,123456
testuser02,123456
testuser03,123456
testuser04,123456
testuser05,123456
testuser06,123456
testuser07,123456
testuser08,123456
testuser09,123456
testuser10,123456
testuser11,123456
testuser12,123456
testuser13,123456
testuser14,123456
testuser15,123456
testuser16,123456
testuser17,123456
testuser18,123456
testuser19,123456
testuser20,123456
testuser21,123456
testuser22,123456
testuser23,123456
testuser24,123456
testuser25,123456
testuser26,123456
testuser27,123456
testuser28,123456
testuser29,123456
testuser30,123456
testuser31,123456
testuser32,123456
testuser33,123456
testuser34,123456
testuser35,123456
testuser36,123456
testuser37,123456
testuser38,123456
testuser39,123456
testuser40,123456
testuser41,123456
testuser42,123456
testuser43,123456
testuser44,123456
testuser45,123456
testuser46,123456
testuser47,123456
testuser48,123456
testuser49,123456
testuser50,123456
